pipeline_name,faithfulness,response_relevancy,context_precision,context_recall,answer_correctness
gemma_norag,,0.24692027145652304,,,0.48540455514483666
gemma_rag,0.6148731516849164,0.5163020993910283,0.619999999938,0.5684509261659897,0.45626685505756376
qwen_norag,,0.4520407359632198,,,0.4730799514613379
qwen_rag,0.7050934065934067,0.6163492922849418,0.619999999938,0.5859357746508382,0.47570274886888025
